[
  {
    "value": "Genesis",
    "synonyms": [
      "Genesis",
      "Book of Genesis"
    ]
  },
  {
    "value": "Exodus",
    "synonyms": [
      "Exodus",
      "Boof of Exodus"
    ]
  },
  {
    "value": "Leviticus",
    "synonyms": [
      "Leviticus",
      "Book of Leviticius"
    ]
  },
  {
    "value": "Numbers",
    "synonyms": [
      "Numbers",
      "Book of Numbers"
    ]
  },
  {
    "value": "Deuteronomy",
    "synonyms": [
      "Deuteronomy"
    ]
  },
  {
    "value": "Joshua",
    "synonyms": [
      "Joshua"
    ]
  },
  {
    "value": "Judges",
    "synonyms": [
      "Judges"
    ]
  },
  {
    "value": "Ruth",
    "synonyms": [
      "Ruth"
    ]
  },
  {
    "value": "1 Samuel",
    "synonyms": [
      "1 Samuel",
      "one Samuel"
    ]
  },
  {
    "value": "2 Samuel",
    "synonyms": [
      "2 Samuel",
      "two Samuel"
    ]
  },
  {
    "value": "1 Kings",
    "synonyms": [
      "1 Kings",
      "one Kings"
    ]
  },
  {
    "value": "2 Kings",
    "synonyms": [
      "2 Kings",
      "two Kings"
    ]
  },
  {
    "value": "1 Chronicles",
    "synonyms": [
      "1 Chronicles",
      "one Chronicles"
    ]
  },
  {
    "value": "2 Chronicles",
    "synonyms": [
      "2 Chronicles",
      "two Chronicles"
    ]
  },
  {
    "value": "Ezra",
    "synonyms": [
      "Ezra"
    ]
  },
  {
    "value": "Nehemiah",
    "synonyms": [
      "Nehemiah"
    ]
  },
  {
    "value": "Esther",
    "synonyms": [
      "Esther"
    ]
  },
  {
    "value": "Job",
    "synonyms": [
      "Job"
    ]
  },
  {
    "value": "Psalms",
    "synonyms": [
      "Psalms"
    ]
  },
  {
    "value": "Proverbs",
    "synonyms": [
      "Proverbs"
    ]
  },
  {
    "value": "Ecclesiastes",
    "synonyms": [
      "Ecclesiastes"
    ]
  },
  {
    "value": "Song of Solomon",
    "synonyms": [
      "Song of Solomon",
      "Solomon"
    ]
  },
  {
    "value": "Isaiah",
    "synonyms": [
      "Isaiah"
    ]
  },
  {
    "value": "Jeremiah",
    "synonyms": [
      "Jeremiah"
    ]
  },
  {
    "value": "Lamentations",
    "synonyms": [
      "Lamentations"
    ]
  },
  {
    "value": "Ezekiel",
    "synonyms": [
      "Ezekiel"
    ]
  },
  {
    "value": "Daniel",
    "synonyms": [
      "Daniel"
    ]
  },
  {
    "value": "Hosea",
    "synonyms": [
      "Hosea"
    ]
  },
  {
    "value": "Joel",
    "synonyms": [
      "Joel"
    ]
  },
  {
    "value": "Amos",
    "synonyms": [
      "Amos"
    ]
  },
  {
    "value": "Obadiah",
    "synonyms": [
      "Obadiah"
    ]
  },
  {
    "value": "Jonah",
    "synonyms": [
      "Jonah"
    ]
  },
  {
    "value": "Micah",
    "synonyms": [
      "Micah"
    ]
  },
  {
    "value": "Nahum",
    "synonyms": [
      "Nahum"
    ]
  },
  {
    "value": "Habakkuk",
    "synonyms": [
      "Habakkuk"
    ]
  },
  {
    "value": "Zephaniah",
    "synonyms": [
      "Zephaniah"
    ]
  },
  {
    "value": "Haggai",
    "synonyms": [
      "Haggai"
    ]
  },
  {
    "value": "Zechariah",
    "synonyms": [
      "Zechariah"
    ]
  },
  {
    "value": "Malachi",
    "synonyms": [
      "Malachi"
    ]
  },
  {
    "value": "Matthew",
    "synonyms": [
      "Matthew",
      "St. Matthew"
    ]
  },
  {
    "value": "Mark",
    "synonyms": [
      "Mark",
      "St. Mark"
    ]
  },
  {
    "value": "Luke",
    "synonyms": [
      "Luke",
      "St. Luke"
    ]
  },
  {
    "value": "John",
    "synonyms": [
      "John",
      "St. John"
    ]
  },
  {
    "value": "Acts",
    "synonyms": [
      "Acts",
      "Acts of the Apostles"
    ]
  },
  {
    "value": "Romans",
    "synonyms": [
      "Romans"
    ]
  },
  {
    "value": "1 Corinthians",
    "synonyms": [
      "1 Corinthians",
      "one Corinthians"
    ]
  },
  {
    "value": "2 Corinthians",
    "synonyms": [
      "2 Corinthians",
      "two Corinthians"
    ]
  },
  {
    "value": "Galatians",
    "synonyms": [
      "Galatians"
    ]
  },
  {
    "value": "Ephesians",
    "synonyms": [
      "Ephesians"
    ]
  },
  {
    "value": "Philippians",
    "synonyms": [
      "Philippians"
    ]
  },
  {
    "value": "Colossians",
    "synonyms": [
      "Colossians"
    ]
  },
  {
    "value": "1 Thessalonians",
    "synonyms": [
      "1 Thessalonians",
      "one Thessalonians"
    ]
  },
  {
    "value": "2 Thessalonians",
    "synonyms": [
      "2 Thessalonians",
      "two Thessalonians"
    ]
  },
  {
    "value": "1 Timothy",
    "synonyms": [
      "1 Timothy",
      "one Timothy"
    ]
  },
  {
    "value": "2 Timothy",
    "synonyms": [
      "2 Timothy",
      "two Timothy"
    ]
  },
  {
    "value": "Titus",
    "synonyms": [
      "Titus"
    ]
  },
  {
    "value": "Philemon",
    "synonyms": [
      "Philemon"
    ]
  },
  {
    "value": "Hebrews",
    "synonyms": [
      "Hebrews"
    ]
  },
  {
    "value": "James",
    "synonyms": [
      "James"
    ]
  },
  {
    "value": "1 Peter",
    "synonyms": [
      "1 Peter",
      "one Peter"
    ]
  },
  {
    "value": "2 Peter",
    "synonyms": [
      "2 Peter",
      "two Peter"
    ]
  },
  {
    "value": "1 John",
    "synonyms": [
      "1 John",
      "one John"
    ]
  },
  {
    "value": "2 John",
    "synonyms": [
      "2 John",
      "two John"
    ]
  },
  {
    "value": "3 John",
    "synonyms": [
      "3 John",
      "three John"
    ]
  },
  {
    "value": "Jude",
    "synonyms": [
      "Jude"
    ]
  },
  {
    "value": "Revelation",
    "synonyms": [
      "Revelation"
    ]
  }
]