[
  {
    "value": "family",
    "synonyms": [
      "family"
    ]
  },
  {
    "value": "hope",
    "synonyms": [
      "hope"
    ]
  },
  {
    "value": "love",
    "synonyms": [
      "love"
    ]
  },
  {
    "value": "faith",
    "synonyms": [
      "faith"
    ]
  },
  {
    "value": "patience",
    "synonyms": [
      "patience"
    ]
  },
  {
    "value": "humility",
    "synonyms": [
      "humility"
    ]
  },
  {
    "value": "friendship",
    "synonyms": [
      "friendship"
    ]
  },
  {
    "value": "mountains",
    "synonyms": [
      "mountains"
    ]
  },
  {
    "value": "courage",
    "synonyms": [
      "courage"
    ]
  },
  {
    "value": "confidence",
    "synonyms": [
      "confidence"
    ]
  },
  {
    "value": "anger",
    "synonyms": [
      "anger"
    ]
  },
  {
    "value": "beauty",
    "synonyms": [
      "beauty"
    ]
  },
  {
    "value": "confidence",
    "synonyms": [
      "confidence"
    ]
  },
  {
    "value": "doubt",
    "synonyms": [
      "doubt"
    ]
  },
  {
    "value": "enemies",
    "synonyms": [
      "enemies"
    ]
  },
  {
    "value": "grace",
    "synonyms": [
      "grace"
    ]
  },
  {
    "value": "humility",
    "synonyms": [
      "humility"
    ]
  },
  {
    "value": "integrity",
    "synonyms": [
      "integrity"
    ]
  },
  {
    "value": "jealousy",
    "synonyms": [
      "jealousy",
      "jealous"
    ]
  },
  {
    "value": "kindness",
    "synonyms": [
      "kindness",
      "kind"
    ]
  },
  {
    "value": "needs",
    "synonyms": [
      "needs"
    ]
  },
  {
    "value": "obedience",
    "synonyms": [
      "obedience"
    ]
  },
  {
    "value": "prayer",
    "synonyms": [
      "prayer"
    ]
  },
  {
    "value": "quarreling",
    "synonyms": [
      "quarreling",
      "quarrel",
      "fight"
    ]
  },
  {
    "value": "respect",
    "synonyms": [
      "respect"
    ]
  },
  {
    "value": "salvation",
    "synonyms": [
      "salvation"
    ]
  },
  {
    "value": "thankfullness",
    "synonyms": [
      "thankfullness",
      "thanks"
    ]
  },
  {
    "value": "unity",
    "synonyms": [
      "unity"
    ]
  },
  {
    "value": "victory",
    "synonyms": [
      "victory",
      "success"
    ]
  },
  {
    "value": "worry",
    "synonyms": [
      "worry"
    ]
  },
  {
    "value": "youth",
    "synonyms": [
      "youth"
    ]
  }
]