[
  {
    "id": "d5454b7f-b407-4737-accd-9c87adf840bf",
    "data": [
      {
        "text": "exit",
        "userDefined": false
      }
    ],
    "isTemplate": false,
    "count": 0,
    "updated": 1531062054
  },
  {
    "id": "842c410f-92d9-4144-8635-59e8adbdc731",
    "data": [
      {
        "text": "cancel",
        "userDefined": false
      }
    ],
    "isTemplate": false,
    "count": 0,
    "updated": 1531062054
  },
  {
    "id": "21ad61bf-6de3-4436-a690-fe1321ca5d1d",
    "data": [
      {
        "text": "close",
        "userDefined": false
      }
    ],
    "isTemplate": false,
    "count": 0,
    "updated": 1531062054
  },
  {
    "id": "05335b73-ab81-4d99-bc0c-a3306d46359b",
    "data": [
      {
        "text": "Have a nice day",
        "userDefined": false
      }
    ],
    "isTemplate": false,
    "count": 0,
    "updated": 1531062054
  },
  {
    "id": "726d63cb-d6f8-4488-93b7-4fd5a177d173",
    "data": [
      {
        "text": "Bye",
        "userDefined": false
      }
    ],
    "isTemplate": false,
    "count": 0,
    "updated": 1531062054
  },
  {
    "id": "f6f87026-f1a2-44d8-8e89-371ac77962b5",
    "data": [
      {
        "text": "Thank You",
        "userDefined": false
      }
    ],
    "isTemplate": false,
    "count": 0,
    "updated": 1531062054
  }
]