[
  {
    "id": "d78623c8-b505-477a-a9d5-fb84501b2127",
    "data": [
      {
        "text": "Teach me ",
        "userDefined": false
      },
      {
        "text": "love",
        "alias": "categoryName",
        "meta": "@categories",
        "userDefined": true
      }
    ],
    "isTemplate": false,
    "count": 0,
    "updated": 1531253678
  },
  {
    "id": "591818f6-5d2a-495b-9358-895ed7ec0010",
    "data": [
      {
        "text": "Read about ",
        "userDefined": false
      },
      {
        "text": "somerandomthing",
        "alias": "any",
        "meta": "@sys.any",
        "userDefined": true
      }
    ],
    "isTemplate": false,
    "count": 0,
    "updated": 1531254075
  },
  {
    "id": "6430e5b4-6cf1-449b-b512-02df0a52ed0a",
    "data": [
      {
        "text": "About ",
        "userDefined": false
      },
      {
        "text": "love",
        "alias": "categoryName",
        "meta": "@categories",
        "userDefined": true
      }
    ],
    "isTemplate": false,
    "count": 0,
    "updated": 1531253678
  },
  {
    "id": "2a49cf0b-c592-4362-87da-268fee463e79",
    "data": [
      {
        "text": "Can you tell me something about ",
        "userDefined": false
      },
      {
        "text": "love",
        "alias": "categoryName",
        "meta": "@categories",
        "userDefined": true
      }
    ],
    "isTemplate": false,
    "count": 0,
    "updated": 1531253678
  },
  {
    "id": "8065e57f-46a9-459b-b8c8-088289baa5c4",
    "data": [
      {
        "text": "Read about ",
        "userDefined": false
      },
      {
        "text": "love",
        "alias": "categoryName",
        "meta": "@categories",
        "userDefined": true
      }
    ],
    "isTemplate": false,
    "count": 0,
    "updated": 1531253678
  }
]