[
  {
    "id": "f5db1381-f4e7-44b6-9b96-7cdcb1d7d191",
    "data": [
      {
        "text": "Tell me the next verse",
        "userDefined": false
      }
    ],
    "isTemplate": false,
    "count": 0,
    "updated": 1531157010
  },
  {
    "id": "58a116f4-3d99-448f-9293-d84ce960e2e2",
    "data": [
      {
        "text": "What\u0027s the next verse?",
        "userDefined": false
      }
    ],
    "isTemplate": false,
    "count": 0,
    "updated": 1531157010
  },
  {
    "id": "9fbe86a4-8b97-45b7-8182-cf7c31ab5c24",
    "data": [
      {
        "text": "Next verse",
        "userDefined": false
      }
    ],
    "isTemplate": false,
    "count": 0,
    "updated": 1531157010
  },
  {
    "id": "eb8af2d3-d82c-49ce-a5a0-1304fa56977b",
    "data": [
      {
        "text": "Read next",
        "userDefined": false
      }
    ],
    "isTemplate": false,
    "count": 0,
    "updated": 1531157010
  },
  {
    "id": "45bed012-482c-4315-972d-23aaccfe5a9d",
    "data": [
      {
        "text": "Read the next verse",
        "userDefined": false
      }
    ],
    "isTemplate": false,
    "count": 0,
    "updated": 1531157010
  }
]