[
  {
    "id": "d9f7217c-09fb-475b-82ab-fbc01b3f657b",
    "data": [
      {
        "text": "Read me something from the bible",
        "userDefined": false
      }
    ],
    "isTemplate": false,
    "count": 0,
    "updated": 1531247100
  },
  {
    "id": "42dd8ed2-82e2-4329-853a-b564b1a29c9c",
    "data": [
      {
        "text": "read anything",
        "userDefined": false
      }
    ],
    "isTemplate": false,
    "count": 0,
    "updated": 1531247100
  },
  {
    "id": "b8416cc4-e782-4381-a9e9-d03c419c05c6",
    "data": [
      {
        "text": "read something",
        "userDefined": false
      }
    ],
    "isTemplate": false,
    "count": 0,
    "updated": 1531247100
  },
  {
    "id": "3c87f379-db96-4653-8cb0-90c19eb3ed15",
    "data": [
      {
        "text": "tell me a verse",
        "userDefined": false
      }
    ],
    "isTemplate": false,
    "count": 0,
    "updated": 1531247100
  },
  {
    "id": "1fd2727b-4140-458b-af64-c598655d60e9",
    "data": [
      {
        "text": "daily verse",
        "userDefined": false
      }
    ],
    "isTemplate": false,
    "count": 0,
    "updated": 1531247100
  },
  {
    "id": "ef1cc66c-9d0d-4330-961c-d24df5d77922",
    "data": [
      {
        "text": "random verse",
        "userDefined": false
      }
    ],
    "isTemplate": false,
    "count": 0,
    "updated": 1531247100
  },
  {
    "id": "9a840312-24b1-45ba-b268-58f316ca23c9",
    "data": [
      {
        "text": "read a random verse",
        "userDefined": false
      }
    ],
    "isTemplate": false,
    "count": 0,
    "updated": 1531247100
  },
  {
    "id": "c80b3c89-08ec-4a0c-af57-5763fd8c1484",
    "data": [
      {
        "text": "read",
        "userDefined": false
      }
    ],
    "isTemplate": false,
    "count": 0,
    "updated": 1531247100
  },
  {
    "id": "50c76436-e55a-464b-97f2-15a7184c0e1f",
    "data": [
      {
        "text": "read some verse",
        "userDefined": false
      }
    ],
    "isTemplate": false,
    "count": 0,
    "updated": 1531247100
  }
]