[
  {
    "id": "0066c9cc-e87c-4fdd-b381-cafcde54cefb",
    "data": [
      {
        "text": "Read previous",
        "userDefined": false
      }
    ],
    "isTemplate": false,
    "count": 0,
    "updated": 1531157069
  },
  {
    "id": "40dbc562-ca11-424a-9b18-01afdb5107fc",
    "data": [
      {
        "text": "Previous verse",
        "userDefined": false
      }
    ],
    "isTemplate": false,
    "count": 0,
    "updated": 1531157069
  },
  {
    "id": "dfa90d0d-4cfd-4e07-9e18-86f34c61afd4",
    "data": [
      {
        "text": "What\u0027s the previous verse",
        "userDefined": false
      }
    ],
    "isTemplate": false,
    "count": 0,
    "updated": 1531157069
  },
  {
    "id": "818f9f5c-6a13-401a-a79a-898e1352acc1",
    "data": [
      {
        "text": "Read previous verse",
        "userDefined": false
      }
    ],
    "isTemplate": false,
    "count": 0,
    "updated": 1531157069
  }
]