[
  {
    "id": "372f427d-cd97-4478-bef0-a379feb5fea3",
    "data": [
      {
        "text": "just going to say hi",
        "userDefined": false
      }
    ],
    "isTemplate": false,
    "count": 0,
    "updated": 1531156850
  },
  {
    "id": "315706b2-4c3c-4364-b1ce-ae48ce6f8a40",
    "data": [
      {
        "text": "heya",
        "userDefined": false
      }
    ],
    "isTemplate": false,
    "count": 0,
    "updated": 1531156850
  },
  {
    "id": "908fd6ee-28ba-48d4-8daf-ba5fca99a2d4",
    "data": [
      {
        "text": "hello hi",
        "userDefined": false
      }
    ],
    "isTemplate": false,
    "count": 0,
    "updated": 1531156850
  },
  {
    "id": "9502fcfe-1405-4a26-9e78-340d52b2858a",
    "data": [
      {
        "text": "howdy",
        "userDefined": false
      }
    ],
    "isTemplate": false,
    "count": 0,
    "updated": 1531156850
  },
  {
    "id": "cb3dbfd3-7d9b-4815-a758-e830bdc33cd1",
    "data": [
      {
        "text": "hey there",
        "userDefined": false
      }
    ],
    "isTemplate": false,
    "count": 0,
    "updated": 1531156850
  },
  {
    "id": "be69a8f2-eec9-450c-831e-b08e4058f1a3",
    "data": [
      {
        "text": "hi there",
        "userDefined": false
      }
    ],
    "isTemplate": false,
    "count": 1,
    "updated": 1531156850
  },
  {
    "id": "9f147020-be17-436d-9827-a0413e58fe03",
    "data": [
      {
        "text": "greetings",
        "userDefined": false
      }
    ],
    "isTemplate": false,
    "count": 0,
    "updated": 1531156850
  },
  {
    "id": "1ee2d6e7-f933-4162-8383-bef8614792ab",
    "data": [
      {
        "text": "hey",
        "userDefined": false
      }
    ],
    "isTemplate": false,
    "count": 0,
    "updated": 1531156850
  },
  {
    "id": "584f886f-0cdc-4835-ab4e-2d34b5662cab",
    "data": [
      {
        "text": "long time no see",
        "userDefined": false
      }
    ],
    "isTemplate": false,
    "count": 0,
    "updated": 1531156850
  },
  {
    "id": "9b7eb1de-a6a7-4775-8521-a7dd10b0437c",
    "data": [
      {
        "text": "hello",
        "userDefined": false
      }
    ],
    "isTemplate": false,
    "count": 0,
    "updated": 1531156850
  },
  {
    "id": "97f24250-acea-40b9-a40a-9b17accc1812",
    "data": [
      {
        "text": "lovely day isn\u0027t it",
        "userDefined": false
      }
    ],
    "isTemplate": false,
    "count": 0,
    "updated": 1531156850
  },
  {
    "id": "a0d2dc92-9444-4871-92cb-4b7df4b25807",
    "data": [
      {
        "text": "I greet you",
        "userDefined": false
      }
    ],
    "isTemplate": false,
    "count": 0,
    "updated": 1531156850
  },
  {
    "id": "6234d63b-346b-4085-86a6-aae23172479a",
    "data": [
      {
        "text": "hello again",
        "userDefined": false
      }
    ],
    "isTemplate": false,
    "count": 0,
    "updated": 1531156850
  },
  {
    "id": "cbe20393-12c6-4a59-a1f3-d71ab2f61da4",
    "data": [
      {
        "text": "hi",
        "userDefined": false
      }
    ],
    "isTemplate": false,
    "count": 0,
    "updated": 1531156850
  },
  {
    "id": "c6e8bfca-61fb-42d6-823a-524c1ce2cf41",
    "data": [
      {
        "text": "hello there",
        "userDefined": false
      }
    ],
    "isTemplate": false,
    "count": 0,
    "updated": 1531156850
  },
  {
    "id": "70e8ca30-2bb0-450b-b42c-db84365d9c3c",
    "data": [
      {
        "text": "a good day",
        "userDefined": false
      }
    ],
    "isTemplate": false,
    "count": 0,
    "updated": 1531156850
  }
]